ISIN;DATE;OUVERTURE;PLUSHAUT;PLUSBAS;CLOTURE;VOLUME
FR0000130809;02/05/16;34.355;34.50;33.615;34.12;2435247
FR0000130809;03/05/16;34.215;34.36;32.705;32.83;4905088
FR0000130809;04/05/16;33.65;34.315;33.34;33.38;5837989
FR0000130809;05/05/16;33.65;33.70;32.455;32.60;4116876
FR0000130809;06/05/16;32.40;32.99;31.715;32.86;4382875
FR0000130809;09/05/16;33.135;33.575;32.52;32.93;3544681
FR0000130809;10/05/16;33.22;34.01;33.06;33.47;3190411
FR0000130809;11/05/16;33.50;33.64;32.70;33.00;3545706
FR0000130809;12/05/16;32.80;33.495;32.405;32.695;3315804
FR0000130809;13/05/16;32.585;33.67;32.26;33.395;3940404
FR0000130809;16/05/16;33.11;33.425;32.86;33.28;1703068
FR0000130809;17/05/16;33.50;34.48;33.265;33.55;4478359
FR0000130809;18/05/16;33.41;34.11;33.095;34.02;3271619
FR0000130809;19/05/16;34.20;35.055;33.885;34.465;4820636
FR0000130809;20/05/16;34.985;35.14;34.47;34.675;4225016
FR0000130809;23/05/16;34.625;35.175;34.13;34.785;2958004
FR0000130809;24/05/16;34.65;36.80;34.505;36.665;6497384
FR0000130809;25/05/16;35.27;36.71;34.86;36.71;7921026
FR0000130809;26/05/16;36.50;37.145;36.115;36.985;5400007
FR0000130809;27/05/16;36.845;37.28;36.525;36.95;3428714
FR0000130809;30/05/16;36.965;37.365;36.84;37.31;1524601
FR0000130809;31/05/16;37.46;37.60;36.75;36.99;5924188
FR0000130809;01/06/16;36.80;37.065;35.93;36.16;4510352
FR0000130809;02/06/16;36.19;37.045;35.885;36.225;3752635
FR0000130809;03/06/16;36.07;36.66;35.21;35.61;4700347
FR0000130809;06/06/16;35.45;36.125;35.14;35.365;2581913
FR0000130809;07/06/16;35.725;36.315;35.525;35.72;3625964
FR0000130809;08/06/16;35.575;35.65;34.755;34.94;4018631
FR0000130809;09/06/16;34.805;34.84;34.175;34.205;3179573
FR0000130809;10/06/16;34.00;34.045;32.615;32.675;4834515
FR0000130809;13/06/16;32.21;32.49;31.495;31.59;4492412
FR0000130809;14/06/16;31.20;31.60;30.675;30.75;4812273
FR0000130809;15/06/16;31.26;31.97;31.00;31.33;5847573
FR0000130809;16/06/16;30.785;31.065;30.305;30.845;4779100
FR0000130809;17/06/16;31.385;33.025;31.31;32.87;10798563
FR0000130809;20/06/16;33.97;34.365;33.61;33.80;5615713
FR0000130809;21/06/16;33.87;34.39;33.70;34.165;3433230
FR0000130809;22/06/16;34.40;34.90;33.945;34.485;3489953
FR0000130809;23/06/16;34.63;36.33;34.495;36.26;6972546
FR0000130809;24/06/16;27.50;32.98;25.00;28.80;27050059
FR0000130809;27/06/16;29.38;29.50;25.725;26.385;16063137
FR0000130809;28/06/16;27.17;27.56;26.81;26.95;11762558
FR0000130809;29/06/16;27.635;28.13;27.425;27.91;7513346
FR0000130809;30/06/16;27.935;28.48;27.30;28.21;7148647
FR0000130809;01/07/16;28.555;28.825;27.91;28.38;4839738
FR0000130809;04/07/16;28.48;28.485;27.58;27.795;4047151
FR0000130809;05/07/16;27.375;27.775;26.585;26.79;6369450
FR0000130809;06/07/16;26.50;27.03;25.955;26.40;6625106
FR0000130809;07/07/16;26.585;27.345;26.485;26.595;5154054
FR0000130809;08/07/16;26.48;28.18;26.315;28.00;6143341
FR0000130809;11/07/16;28.275;28.685;27.765;28.505;4085084
FR0000130809;12/07/16;28.745;29.88;28.565;29.785;5676984
FR0000130809;13/07/16;29.835;30.15;29.10;29.275;4287209
FR0000130809;14/07/16;29.74;30.60;29.53;30.325;4976064
FR0000130809;15/07/16;30.165;30.945;29.97;30.345;4956924
FR0000130809;18/07/16;30.535;31.03;29.735;30.29;3029543
FR0000130809;19/07/16;30.15;30.54;29.285;30.075;3690198
FR0000130809;20/07/16;30.38;30.675;30.035;30.32;3178961
FR0000130809;21/07/16;30.13;30.855;29.925;30.395;4251732
FR0000130809;22/07/16;30.275;30.51;30.02;30.235;3342550
FR0000130809;25/07/16;30.185;30.515;29.88;30.15;2685830
FR0000130809;26/07/16;30.065;30.21;29.41;29.88;2766732
FR0000130809;27/07/16;30.04;30.67;29.965;30.35;3428984
FR0000130809;28/07/16;30.445;30.67;29.67;29.85;3714120
FR0000130809;29/07/16;29.995;30.83;29.85;30.555;4573377
FR0000130809;01/08/16;30.85;31.035;29.035;29.435;6162304
FR0000130809;02/08/16;29.22;29.255;28.025;28.515;6328400
FR0000130809;03/08/16;29.70;29.955;28.855;29.415;7770197
FR0000130809;04/08/16;29.74;30.50;29.73;29.945;4197770
FR0000130809;05/08/16;30.11;30.94;30.095;30.94;3899746
FR0000130809;08/08/16;31.03;31.85;30.98;31.31;3441581
FR0000130809;09/08/16;31.29;31.935;31.205;31.86;3542508
FR0000130809;10/08/16;31.59;32.185;31.555;31.88;3332027
FR0000130809;11/08/16;32.13;32.195;31.71;32.195;2728870
FR0000130809;12/08/16;32.13;32.37;31.98;32.045;2123702
FR0000130809;15/08/16;32.005;32.10;31.69;31.82;2000508
FR0000130809;16/08/16;31.67;31.86;31.20;31.395;3153240
FR0000130809;17/08/16;31.52;31.615;30.71;30.785;3220295
FR0000130809;18/08/16;31.025;31.115;30.42;30.745;2851890
FR0000130809;19/08/16;30.76;30.76;29.62;30.06;3939014
FR0000130809;22/08/16;30.015;30.64;29.91;30.15;2895173
FR0000130809;23/08/16;30.425;31.12;30.325;31.005;4280842
FR0000130809;24/08/16;30.84;32.105;30.64;31.805;4623628
FR0000130809;25/08/16;31.65;31.91;31.305;31.725;2949830
FR0000130809;26/08/16;31.59;32.15;31.435;31.92;2836707
FR0000130809;29/08/16;31.845;32.20;31.525;31.615;1776523
FR0000130809;30/08/16;31.89;32.435;31.765;32.185;3781124
FR0000130809;31/08/16;32.17;33.07;32.165;32.645;4779747
FR0000130809;01/09/16;32.84;33.705;32.33;32.62;5378834
FR0000130809;02/09/16;32.98;33.27;32.23;33.16;4138079
FR0000130809;05/09/16;33.135;33.395;32.685;32.80;3622149
FR0000130809;06/09/16;32.945;32.98;32.125;32.16;3662674
FR0000130809;07/09/16;32.335;32.55;31.67;32.405;3409318
FR0000130809;08/09/16;32.475;33.195;32.00;33.065;4985049
FR0000130809;09/09/16;33.015;34.00;32.765;33.34;5037320
FR0000130809;12/09/16;32.65;32.925;32.03;32.725;4410517
FR0000130809;13/09/16;33.00;33.185;32.105;32.14;3313576
FR0000130809;14/09/16;32.395;32.415;31.685;31.89;5483531
FR0000130809;15/09/16;31.715;32.45;31.605;32.005;4188532
FR0000130809;16/09/16;31.80;31.96;30.92;31.13;8283963
FR0000130809;19/09/16;31.445;31.67;31.15;31.26;3281136
FR0000130809;20/09/16;31.265;31.47;30.855;31.065;3267336
FR0000130809;21/09/16;31.90;32.195;31.665;31.665;3758209
FR0000130809;22/09/16;31.98;32.88;31.79;32.385;4755329
FR0000130809;23/09/16;32.165;32.27;31.625;31.89;4203663
FR0000130809;26/09/16;31.595;31.60;30.74;30.95;4493377
FR0000130809;27/09/16;31.24;31.41;30.245;30.625;5072643
FR0000130809;28/09/16;30.85;31.45;30.82;30.97;3919698
FR0000130809;29/09/16;31.40;31.545;30.67;30.815;3179048
FR0000130809;30/09/16;30.00;30.925;29.225;30.78;10055539
FR0000130809;03/10/16;30.835;30.88;30.17;30.465;3611766
FR0000130809;04/10/16;30.61;31.11;30.38;30.91;3898667
FR0000130809;05/10/16;30.71;32.04;30.60;31.895;6111275
FR0000130809;06/10/16;32.11;33.00;32.11;32.595;6033602
FR0000130809;07/10/16;32.615;33.10;32.36;32.87;5510220
FR0000130809;10/10/16;32.80;33.145;32.25;33.075;3046863
FR0000130809;11/10/16;32.975;33.30;32.75;33.04;3629382
FR0000130809;12/10/16;33.12;33.47;32.865;33.25;3391890
FR0000130809;13/10/16;32.86;32.99;32.03;32.24;4504821
FR0000130809;14/10/16;32.42;33.43;32.41;32.85;4443681
FR0000130809;17/10/16;32.725;33.30;32.65;32.955;2749639
FR0000130809;18/10/16;33.20;33.995;33.12;33.995;4223034
FR0000130809;19/10/16;34.00;34.335;33.635;34.215;3161717
FR0000130809;20/10/16;34.215;34.92;34.03;34.81;5133346
FR0000130809;21/10/16;34.85;35.035;34.42;34.70;3682704
FR0000130809;24/10/16;35.045;35.99;35.02;35.715;4985073
FR0000130809;25/10/16;35.71;35.915;35.49;35.82;4034865
FR0000130809;26/10/16;35.72;36.015;35.465;35.89;3586845
FR0000130809;27/10/16;36.13;36.495;35.675;36.465;4235969
FR0000130809;28/10/16;36.14;36.315;35.605;36.105;3619134
FR0000130809;31/10/16;35.735;36.06;35.34;35.56;3056456
FR0000130809;01/11/16;35.68;35.925;34.93;35.015;2831187
FR0000130809;02/11/16;34.75;34.75;33.99;34.185;3927274
FR0000130809;03/11/16;35.25;36.70;34.95;36.07;7606868
FR0000130809;04/11/16;36.00;36.08;35.26;35.58;4415820
FR0000130809;07/11/16;36.225;36.82;36.225;36.82;4199713
FR0000130809;08/11/16;36.795;37.495;36.425;37.39;3895401
FR0000130809;09/11/16;35.755;38.875;35.46;38.875;9822961
FR0000130809;10/11/16;39.85;41.00;39.755;40.205;10169540
FR0000130809;11/11/16;40.36;40.82;39.23;39.79;5726413
FR0000130809;14/11/16;40.145;40.91;39.86;40.465;5922179
FR0000130809;15/11/16;40.25;40.625;39.31;40.475;5765472
FR0000130809;16/11/16;40.53;40.865;39.395;40.00;4831149
FR0000130809;17/11/16;39.695;40.205;39.475;40.205;4433203
FR0000130809;18/11/16;40.50;40.70;39.68;40.22;4588640
FR0000130809;21/11/16;40.465;40.615;39.88;40.245;2914995
FR0000130809;22/11/16;40.745;41.355;40.42;40.55;4604837
FR0000130809;23/11/16;40.75;40.78;39.655;40.155;4227393
FR0000130809;24/11/16;40.075;40.51;39.83;40.045;2638085
FR0000130809;25/11/16;40.095;40.155;39.655;39.92;2253104
FR0000130809;28/11/16;39.755;39.80;38.82;39.075;3588470
FR0000130809;29/11/16;38.955;40.04;38.73;39.90;3858536
FR0000130809;30/11/16;40.04;40.87;39.70;40.585;4404031
FR0000130809;01/12/16;40.52;41.175;40.295;40.97;4217716
FR0000130809;02/12/16;40.72;40.97;39.95;40.21;4495429
FR0000130809;05/12/16;39.685;41.295;39.50;40.90;4558333
FR0000130809;06/12/16;41.30;43.665;41.30;43.255;8681160
FR0000130809;07/12/16;44.06;44.865;43.85;44.865;7152200
FR0000130809;08/12/16;44.965;46.98;44.645;46.86;9270024
FR0000130809;09/12/16;46.70;46.975;46.03;46.36;6171352
FR0000130809;12/12/16;46.385;47.18;46.055;46.055;4740387
FR0000130809;13/12/16;45.78;46.945;45.385;46.55;5115321
FR0000130809;14/12/16;46.60;47.24;45.84;45.93;4137170
FR0000130809;15/12/16;46.55;47.79;46.385;47.50;6664654
FR0000130809;16/12/16;47.235;47.90;46.885;46.955;7743713
FR0000130809;19/12/16;46.79;47.02;46.335;46.43;2705644
FR0000130809;20/12/16;46.50;47.14;46.27;46.985;3150044
FR0000130809;21/12/16;46.93;47.365;46.495;46.84;2675458
FR0000130809;22/12/16;46.75;47.16;46.605;46.885;2093429
FR0000130809;23/12/16;47.14;47.31;46.64;46.81;1733250
FR0000130809;27/12/16;46.72;47.08;46.50;46.81;898558
FR0000130809;28/12/16;46.90;47.05;46.565;46.74;1573064
FR0000130809;29/12/16;46.33;46.58;46.25;46.355;1329287
FR0000130809;30/12/16;46.305;46.88;46.16;46.745;1916736
FR0000130809;02/01/17;46.36;47.10;46.24;46.905;1188156
FR0000130809;03/01/17;47.38;49.20;47.255;48.665;4679150
FR0000130809;04/01/17;48.86;49.375;47.695;48.235;3862948
FR0000130809;05/01/17;47.44;47.915;46.875;47.10;5114756
FR0000130809;06/01/17;46.935;47.59;46.78;47.34;3199462
FR0000130809;09/01/17;47.37;47.41;45.84;46.205;4684341
FR0000130809;10/01/17;46.31;46.725;45.895;46.39;3571743
FR0000130809;11/01/17;46.265;46.615;45.95;46.395;2881873
FR0000130809;12/01/17;46.04;46.955;45.75;45.88;2696036
FR0000130809;13/01/17;46.26;47.60;46.255;47.475;2721939
FR0000130809;16/01/17;46.615;46.91;46.20;46.26;2731066
FR0000130809;17/01/17;46.015;46.73;45.51;45.825;3082366
FR0000130809;18/01/17;45.945;46.02;45.015;45.515;2546840
FR0000130809;19/01/17;45.825;46.275;45.445;45.70;2826312
FR0000130809;20/01/17;45.645;46.265;45.28;45.84;3810644
FR0000130809;23/01/17;45.34;45.34;44.62;44.835;3258841
FR0000130809;24/01/17;45.055;45.895;45.005;45.80;2755414
FR0000130809;25/01/17;46.30;48.185;46.30;47.78;4791673
FR0000130809;26/01/17;48.08;48.86;47.37;47.545;3618899
FR0000130809;27/01/17;47.505;47.775;46.975;47.37;3041706
FR0000130809;30/01/17;47.075;47.48;46.395;46.67;3051298
FR0000130809;31/01/17;46.62;47.205;45.255;45.255;4160672
FR0000130809;01/02/17;45.76;46.18;45.41;46.025;3477043
FR0000130809;02/02/17;45.94;46.33;45.375;45.675;2914016
FR0000130809;03/02/17;46.00;46.155;45.49;45.865;2782659
FR0000130809;06/02/17;46.015;46.215;44.705;44.755;3284566
FR0000130809;07/02/17;43.80;44.005;43.015;43.635;5384847
FR0000130809;08/02/17;43.105;43.735;41.65;42.73;5590365
FR0000130809;09/02/17;44.31;44.43;43.155;43.71;5586934
FR0000130809;10/02/17;44.245;44.295;42.23;42.385;5062790
FR0000130809;13/02/17;42.85;43.05;42.48;42.765;3828372
FR0000130809;14/02/17;42.80;43.20;42.31;43.185;3450975
FR0000130809;15/02/17;43.465;44.47;43.405;43.745;3763689
FR0000130809;16/02/17;43.795;44.21;43.42;43.52;3070547
FR0000130809;17/02/17;43.45;43.475;42.02;42.40;4118868
FR0000130809;20/02/17;42.715;42.99;41.65;41.805;3435038
FR0000130809;21/02/17;41.81;42.265;41.395;41.79;3198516
FR0000130809;22/02/17;41.975;42.23;40.955;41.845;4719134
FR0000130809;23/02/17;41.98;42.615;41.67;41.945;3826625
FR0000130809;24/02/17;41.865;42.105;40.655;41.43;4412068
FR0000130809;27/02/17;41.655;42.185;41.50;41.535;3286047
FR0000130809;28/02/17;41.745;42.12;41.54;41.91;3391540
FR0000130809;01/03/17;42.60;44.185;42.51;43.97;6332074
FR0000130809;02/03/17;43.98;44.42;43.785;44.115;4449405
FR0000130809;03/03/17;43.91;46.32;43.75;46.13;6663331
FR0000130809;06/03/17;45.77;46.27;45.155;45.205;3590820
FR0000130809;07/03/17;45.375;45.475;44.62;45.15;2497201
FR0000130809;08/03/17;45.235;46.42;45.01;45.805;3883875
FR0000130809;09/03/17;45.81;47.25;45.81;46.755;4324418
FR0000130809;10/03/17;47.00;48.24;46.935;47.75;5702563
FR0000130809;13/03/17;47.92;48.035;47.25;47.65;2995818
FR0000130809;14/03/17;47.655;47.745;46.585;46.945;3414377
FR0000130809;15/03/17;46.955;47.44;46.77;46.96;3311401
FR0000130809;16/03/17;48.20;48.35;46.93;47.12;4599629
FR0000130809;17/03/17;47.235;48.155;47.03;47.11;5685799
FR0000130809;20/03/17;47.07;47.27;46.515;46.725;2069366
FR0000130809;21/03/17;47.28;48.65;47.095;47.49;4410575
FR0000130809;22/03/17;46.835;47.495;46.08;46.765;4661800
FR0000130809;23/03/17;46.785;47.72;46.555;47.475;3716385
FR0000130809;24/03/17;47.405;47.80;46.98;47.315;2431839
FR0000130809;27/03/17;46.40;47.26;46.155;47.13;2873211
FR0000130809;28/03/17;47.28;47.645;46.70;47.575;3127896
FR0000130809;29/03/17;47.92;48.15;46.63;47.20;3247595
FR0000130809;30/03/17;47.41;47.455;46.485;47.07;2646743
FR0000130809;31/03/17;46.865;47.555;46.74;47.55;3608112
FR0000130809;03/04/17;47.58;47.63;46.05;46.315;3297301
FR0000130809;04/04/17;45.90;46.095;45.095;45.70;4682877
FR0000130809;05/04/17;45.75;46.36;45.49;45.65;3579762
FR0000130809;06/04/17;45.205;46.185;44.82;46.13;3687980
FR0000130809;07/04/17;45.765;46.62;45.66;46.52;3530499
FR0000130809;10/04/17;46.55;46.55;45.54;45.86;3841626
FR0000130809;11/04/17;45.36;45.92;45.03;45.295;3888968
FR0000130809;12/04/17;45.49;45.82;44.46;44.65;3955561
FR0000130809;13/04/17;44.50;44.535;43.21;43.505;6388069
FR0000130809;18/04/17;43.78;43.855;42.63;43.015;5166594
FR0000130809;19/04/17;43.13;44.525;43.125;44.255;5714553
FR0000130809;20/04/17;44.10;45.94;43.915;45.495;6625803
FR0000130809;21/04/17;45.885;46.575;45.37;46.285;7888960
FR0000130809;24/04/17;50.91;51.62;49.76;50.85;16473952
FR0000130809;25/04/17;50.97;51.46;50.36;50.91;6024894
FR0000130809;26/04/17;50.95;50.96;50.10;50.60;4279026
FR0000130809;27/04/17;50.50;50.75;49.78;49.78;5045779
FR0000130809;28/04/17;49.605;50.71;49.27;50.21;4252712
FR0000130809;02/05/17;50.57;50.75;50.24;50.50;3665620
FR0000130809;03/05/17;50.55;51.47;50.39;51.40;4261654
FR0000130809;04/05/17;50.65;51.82;50.02;51.72;6591512
FR0000130809;05/05/17;51.25;52.00;51.16;51.88;6222469
FR0000130809;08/05/17;52.25;52.26;50.21;50.57;6482465
FR0000130809;09/05/17;51.14;51.14;49.58;49.58;4557093
FR0000130809;10/05/17;49.60;49.98;48.81;49.73;4473201
FR0000130809;11/05/17;49.945;50.06;48.81;49.30;4841726
FR0000130809;12/05/17;49.30;49.82;49.10;49.695;3291715
FR0000130809;15/05/17;50.00;50.21;49.655;50.15;3201974
FR0000130809;16/05/17;50.37;50.56;50.00;50.26;2731998
FR0000130809;17/05/17;49.745;50.34;48.605;48.87;4825860
FR0000130809;18/05/17;49.00;49.15;47.615;48.805;6631508
FR0000130809;19/05/17;49.07;50.02;48.79;50.02;6019853
FR0000130809;22/05/17;50.17;50.24;49.51;49.555;2859185
FR0000130809;23/05/17;49.595;50.38;49.39;50.00;4114038
FR0000130809;24/05/17;50.12;50.48;49.77;50.25;2915871
FR0000130809;25/05/17;50.45;50.67;50.06;50.17;2379684
FR0000130809;26/05/17;50.00;50.21;48.395;49.345;4032228
FR0000130809;29/05/17;49.21;49.725;49.06;49.725;1824202
FR0000130809;30/05/17;49.32;49.90;48.565;49.015;4678569
FR0000130809;31/05/17;47.055;47.70;46.56;46.67;6665060
FR0000130809;01/06/17;46.79;47.36;46.305;47.14;3781858
FR0000130809;02/06/17;47.63;48.46;47.075;47.30;4081044
FR0000130809;05/06/17;47.40;47.535;46.555;47.03;2051035
FR0000130809;06/06/17;46.81;46.855;46.07;46.35;3699802
FR0000130809;07/06/17;46.225;47.84;46.155;47.105;4271267
FR0000130809;08/06/17;47.405;48.11;46.835;47.80;4308459
FR0000130809;09/06/17;47.86;48.63;47.275;48.00;4855592
FR0000130809;12/06/17;47.925;47.925;46.70;46.975;4340630
FR0000130809;13/06/17;47.255;47.435;46.89;47.065;2829471
FR0000130809;14/06/17;47.30;47.51;46.265;46.35;3875927
FR0000130809;15/06/17;46.21;46.49;45.52;46.47;5154064
FR0000130809;16/06/17;46.645;47.485;46.20;46.49;7669266
FR0000130809;19/06/17;47.01;47.55;46.93;47.14;3528889
FR0000130809;20/06/17;47.525;47.67;46.85;46.85;3102061
FR0000130809;21/06/17;46.62;46.725;45.645;46.47;3762167
FR0000130809;22/06/17;46.39;46.41;45.615;46.38;3489285
FR0000130809;23/06/17;46.285;46.845;45.815;46.085;2289887
FR0000130809;26/06/17;46.37;47.12;46.37;46.58;3140049
FR0000130809;27/06/17;46.57;47.43;46.27;47.30;3498025
FR0000130809;28/06/17;47.46;48.635;47.11;48.465;5958272
FR0000130809;29/06/17;49.00;49.53;48.33;48.52;6188118
FR0000130809;30/06/17;48.785;48.93;47.025;47.11;5704447
FR0000130809;03/07/17;47.53;48.475;47.53;48.365;5059419
FR0000130809;04/07/17;48.01;48.955;48.01;48.575;3175814
FR0000130809;05/07/17;48.745;49.31;48.655;49.00;4862522
FR0000130809;06/07/17;49.095;49.925;48.69;49.855;4872610
FR0000130809;07/07/17;49.90;50.08;49.24;49.425;3355465
FR0000130809;10/07/17;49.775;49.845;49.01;49.185;2257705
FR0000130809;11/07/17;49.325;49.645;48.66;48.775;2131944
FR0000130809;12/07/17;48.985;49.665;48.83;49.13;3323065
FR0000130809;13/07/17;49.20;49.835;49.11;49.60;2939107
FR0000130809;14/07/17;49.745;49.78;48.56;48.98;2968323
FR0000130809;17/07/17;49.16;49.16;48.43;48.75;1947983
FR0000130809;18/07/17;48.71;48.715;47.58;47.95;3410190
FR0000130809;19/07/17;48.17;48.43;47.505;48.13;3226860
FR0000130809;20/07/17;48.24;48.595;47.93;48.095;2766543
FR0000130809;21/07/17;47.955;48.12;47.31;47.60;3895586
FR0000130809;24/07/17;47.77;48.40;47.365;48.165;2756549
FR0000130809;25/07/17;48.175;49.54;48.16;49.415;4237145
FR0000130809;26/07/17;49.325;50.07;49.29;50.00;3127687
FR0000130809;27/07/17;49.565;50.30;49.435;50.29;3144333
FR0000130809;28/07/17;49.83;50.08;49.32;49.955;3675470
FR0000130809;31/07/17;49.855;50.12;49.55;49.60;3040443
FR0000130809;01/08/17;50.20;50.38;49.52;50.16;2750907
FR0000130809;02/08/17;48.07;48.955;47.705;48.15;7474972
FR0000130809;03/08/17;48.00;48.955;47.63;48.725;3710702
FR0000130809;04/08/17;48.88;50.10;48.70;49.83;3852319
FR0000130809;07/08/17;49.93;50.48;49.81;50.27;2923573
FR0000130809;08/08/17;50.10;50.23;49.75;49.955;2905122
FR0000130809;09/08/17;49.50;49.535;48.185;48.44;4329113
FR0000130809;10/08/17;48.475;48.70;47.565;47.89;3343049
FR0000130809;11/08/17;47.50;47.72;46.745;47.215;4062044
FR0000130809;14/08/17;47.825;48.76;47.64;48.32;3544044
FR0000130809;15/08/17;48.585;48.975;48.39;48.645;1892938
FR0000130809;16/08/17;48.935;49.325;48.80;48.96;2400418
FR0000130809;17/08/17;48.72;48.73;47.43;47.825;3446192
FR0000130809;18/08/17;47.12;48.05;47.00;48.02;3896054
FR0000130809;21/08/17;47.65;47.72;46.96;47.165;2650991
FR0000130809;22/08/17;47.50;47.69;46.815;46.995;3461459
FR0000130809;23/08/17;46.96;47.30;46.58;46.965;3188546
FR0000130809;24/08/17;47.05;47.56;46.99;47.105;2051074
FR0000130809;25/08/17;47.13;47.36;46.87;46.925;1892285
FR0000130809;28/08/17;46.69;47.115;46.55;46.75;1379293
FR0000130809;29/08/17;46.40;46.40;45.925;46.225;3363403
FR0000130809;30/08/17;46.69;46.785;46.175;46.50;3005695
FR0000130809;31/08/17;46.80;47.54;46.74;47.03;4219287
FR0000130809;01/09/17;47.27;47.64;47.01;47.39;2311519
FR0000130809;04/09/17;46.915;47.115;46.775;46.86;1619982
FR0000130809;05/09/17;46.995;47.165;46.185;46.27;2679519
FR0000130809;06/09/17;46.03;46.405;45.815;46.18;2581241
FR0000130809;07/09/17;46.21;46.72;45.85;45.90;3433954
FR0000130809;08/09/17;45.75;46.595;45.55;46.32;3586229
FR0000130809;11/09/17;46.695;47.38;46.695;47.335;3131776
FR0000130809;12/09/17;47.765;48.67;47.655;48.58;3936698
FR0000130809;13/09/17;48.60;48.955;48.37;48.52;2848660
FR0000130809;14/09/17;48.30;48.945;48.15;48.745;3225409
FR0000130809;15/09/17;48.63;48.77;48.03;48.265;6591930
FR0000130809;18/09/17;48.57;48.79;48.195;48.505;2374180
FR0000130809;19/09/17;48.515;48.625;47.88;47.925;3178424
FR0000130809;20/09/17;47.945;48.185;47.32;47.735;2636313
FR0000130809;21/09/17;48.01;49.02;47.995;48.765;3987263
FR0000130809;22/09/17;48.685;49.26;48.605;48.905;2713906
FR0000130809;25/09/17;48.745;48.83;48.01;48.14;2627110
FR0000130809;26/09/17;48.155;48.425;47.795;47.96;2271002
FR0000130809;27/09/17;48.15;49.245;48.075;48.705;3499089
FR0000130809;28/09/17;49.05;49.58;48.63;48.885;2926775
FR0000130809;29/09/17;48.865;49.63;48.65;49.535;3690552
FR0000130809;02/10/17;49.395;49.835;49.265;49.835;2642880
FR0000130809;03/10/17;49.70;49.87;49.41;49.555;2551284
FR0000130809;04/10/17;49.595;49.595;48.315;49.01;4325324
FR0000130809;05/10/17;48.80;49.445;48.64;49.23;3521253
FR0000130809;06/10/17;49.32;49.40;48.62;48.91;3518347
FR0000130809;09/10/17;49.03;49.24;48.47;48.695;1956055
FR0000130809;10/10/17;48.545;48.675;48.26;48.62;2346147
FR0000130809;11/10/17;48.885;48.925;48.32;48.59;3108949
FR0000130809;12/10/17;48.595;48.65;48.115;48.385;2004609
FR0000130809;13/10/17;47.98;48.115;47.00;47.32;4650179
FR0000130809;16/10/17;47.43;47.625;47.045;47.465;2780864
FR0000130809;17/10/17;47.505;47.88;47.17;47.405;3175645
FR0000130809;18/10/17;47.645;48.235;47.255;48.035;3013404
FR0000130809;19/10/17;47.855;48.22;47.485;47.975;3159816
FR0000130809;20/10/17;48.185;48.735;48.185;48.62;3633639
FR0000130809;23/10/17;48.50;48.615;48.075;48.255;2295704
FR0000130809;24/10/17;48.30;49.09;48.205;48.86;3732638
FR0000130809;25/10/17;49.06;49.30;48.16;48.32;4002969
FR0000130809;26/10/17;48.11;49.04;47.87;48.655;3949031
FR0000130809;27/10/17;49.02;49.225;48.29;48.62;3506913
FR0000130809;30/10/17;48.70;48.875;48.365;48.45;2434772
FR0000130809;31/10/17;47.925;47.995;47.53;47.80;3886368
FR0000130809;01/11/17;48.12;48.265;47.67;47.80;2855191
FR0000130809;02/11/17;48.035;48.215;47.185;47.65;4137331
FR0000130809;03/11/17;45.57;46.50;45.52;45.70;6664662
FR0000130809;06/11/17;45.55;45.57;43.585;44.03;8938152
FR0000130809;07/11/17;44.04;44.63;43.85;44.245;5784596
FR0000130809;08/11/17;44.465;44.465;43.61;44.145;5326137
FR0000130809;09/11/17;44.125;44.525;43.715;43.90;4367430
FR0000130809;10/11/17;43.90;44.265;43.61;43.735;3653647
FR0000130809;13/11/17;43.60;43.77;43.12;43.625;4230582
FR0000130809;14/11/17;43.795;43.92;43.18;43.405;3526854
FR0000130809;15/11/17;43.07;43.72;42.645;43.50;4945657
FR0000130809;16/11/17;43.71;43.94;43.22;43.38;4288542
FR0000130809;17/11/17;43.455;43.625;42.86;43.285;3604144
FR0000130809;20/11/17;43.10;43.57;42.93;43.045;3192381
FR0000130809;21/11/17;43.065;43.37;42.885;42.955;2731679
FR0000130809;22/11/17;43.065;43.175;42.63;42.765;2980183
FR0000130809;23/11/17;42.71;43.105;42.495;42.86;3227665
FR0000130809;24/11/17;42.815;44.00;42.78;43.515;4680151
FR0000130809;27/11/17;43.49;43.775;42.885;42.90;4434633
FR0000130809;28/11/17;42.995;43.355;42.90;43.03;3415125
FR0000130809;29/11/17;43.50;43.59;42.815;42.895;3905881
FR0000130809;30/11/17;42.955;43.275;42.29;42.31;5803092
FR0000130809;01/12/17;42.40;42.615;41.885;41.96;4580736
FR0000130809;04/12/17;42.735;43.085;42.50;42.95;5336675
FR0000130809;05/12/17;42.875;43.42;42.57;42.73;3479463
FR0000130809;06/12/17;42.455;42.575;42.085;42.415;3408648
FR0000130809;07/12/17;42.75;43.115;42.50;42.95;4150269
FR0000130809;08/12/17;43.85;45.035;43.825;43.915;7180104
FR0000130809;11/12/17;44.225;44.29;43.675;43.945;2991744
FR0000130809;12/12/17;44.07;44.625;43.47;44.53;4667500
FR0000130809;13/12/17;44.35;45.005;44.18;44.54;4311872
FR0000130809;14/12/17;44.215;44.915;43.995;44.025;4083448
FR0000130809;15/12/17;43.995;43.995;42.805;43.195;8299459
FR0000130809;18/12/17;43.405;43.51;43.175;43.32;3109225
FR0000130809;19/12/17;43.35;43.895;43.305;43.70;3473876
FR0000130809;20/12/17;43.725;43.735;43.135;43.37;3440340
FR0000130809;21/12/17;43.17;44.05;42.98;43.80;3204186
FR0000130809;22/12/17;43.53;43.98;43.395;43.455;2052010
FR0000130809;27/12/17;43.355;43.79;43.11;43.27;1793369
FR0000130809;28/12/17;43.16;43.31;43.01;43.09;1827170
FR0000130809;29/12/17;43.045;43.295;42.90;43.05;1980653
FR0000130809;02/01/18;43.245;43.615;42.73;43.165;3180109
FR0000130809;03/01/18;43.345;43.67;43.015;43.37;3325903
FR0000130809;04/01/18;43.765;44.89;43.65;44.435;5878125
FR0000130809;05/01/18;44.69;45.29;44.57;45.075;4395702
FR0000130809;08/01/18;45.40;45.45;44.935;45.135;3743311
FR0000130809;09/01/18;45.24;45.425;45.065;45.175;2599941
FR0000130809;10/01/18;45.10;46.325;45.055;46.13;5253848
FR0000130809;11/01/18;46.26;46.73;45.77;46.57;4510826
FR0000130809;12/01/18;46.89;46.89;45.535;46.46;4405201
FR0000130809;15/01/18;46.50;46.565;46.16;46.36;2173249
FR0000130809;16/01/18;46.36;46.695;45.915;46.085;2808935
FR0000130809;17/01/18;45.685;45.765;45.03;45.285;4968047
FR0000130809;18/01/18;45.07;45.335;44.78;45.13;3888065
FR0000130809;19/01/18;45.27;45.59;45.14;45.33;3148111
FR0000130809;22/01/18;45.30;46.32;45.055;46.00;3440837
FR0000130809;23/01/18;46.205;46.295;45.825;46.11;3703626
FR0000130809;24/01/18;46.045;46.48;45.96;46.00;2555019
FR0000130809;25/01/18;46.015;46.62;45.925;46.465;3892830
FR0000130809;26/01/18;46.465;47.00;46.26;46.70;3095368
FR0000130809;29/01/18;46.885;47.28;46.815;47.20;3532097
FR0000130809;30/01/18;46.86;46.945;46.465;46.765;4240374
FR0000130809;31/01/18;46.77;46.865;46.505;46.855;3235016
FR0000130809;01/02/18;47.20;47.505;46.125;46.645;4257496
FR0000130809;02/02/18;46.51;46.575;45.835;45.925;5034889
FR0000130809;05/02/18;45.49;45.935;45.07;45.32;4600009
FR0000130809;06/02/18;43.805;44.835;43.525;43.91;8405416
FR0000130809;07/02/18;44.36;44.815;43.62;44.265;5505314
FR0000130809;08/02/18;46.40;46.995;45.065;45.13;7110344
FR0000130809;09/02/18;44.965;45.00;43.485;44.135;7808172
FR0000130809;12/02/18;44.60;45.14;44.37;44.525;4477997
FR0000130809;13/02/18;44.57;44.99;44.415;44.55;3757917
FR0000130809;14/02/18;44.92;45.97;44.715;45.60;6765255
FR0000130809;15/02/18;46.20;46.81;45.925;46.225;4741559
FR0000130809;16/02/18;46.465;46.775;46.275;46.52;3963757
FR0000130809;19/02/18;46.665;46.91;46.435;46.46;1679155
FR0000130809;20/02/18;46.46;46.535;45.905;46.255;3545124
FR0000130809;21/02/18;46.135;46.67;45.815;46.405;2761652
FR0000130809;22/02/18;46.165;46.80;46.075;46.68;2986898
FR0000130809;23/02/18;46.70;46.74;46.35;46.535;1724395
FR0000130809;26/02/18;46.77;46.905;45.97;46.375;2619265
FR0000130809;27/02/18;46.435;47.24;46.25;46.875;3633190
FR0000130809;28/02/18;46.615;47.49;46.51;47.12;3698645
FR0000130809;01/03/18;46.83;47.00;46.11;46.58;3931493
FR0000130809;02/03/18;46.135;46.225;44.775;45.19;5430466
FR0000130809;05/03/18;44.885;45.64;44.785;45.09;3243319
FR0000130809;06/03/18;45.485;46.22;45.465;45.72;3631324
FR0000130809;07/03/18;45.555;46.055;45.24;45.93;2608591
FR0000130809;08/03/18;46.025;46.52;45.62;46.15;3010654
FR0000130809;09/03/18;45.995;46.22;45.67;45.97;2522658
FR0000130809;12/03/18;46.215;46.335;45.765;46.06;1800383
FR0000130809;13/03/18;46.20;46.555;45.48;45.645;3025446
FR0000130809;14/03/18;45.61;45.69;44.84;45.065;3152606
FR0000130809;15/03/18;43.20;44.805;43.15;44.765;6849712
FR0000130809;16/03/18;44.67;45.515;44.575;45.185;7380799
FR0000130809;19/03/18;45.20;46.19;45.145;45.58;3833606
FR0000130809;20/03/18;45.665;45.90;45.295;45.46;2051533
FR0000130809;21/03/18;45.375;45.565;44.675;45.095;2564538
FR0000130809;22/03/18;44.68;44.845;43.365;44.105;5295718
FR0000130809;23/03/18;43.66;43.73;43.19;43.55;4317841
FR0000130809;26/03/18;43.655;43.775;42.915;43.26;3093353
FR0000130809;27/03/18;44.00;44.22;43.795;43.86;3864386
FR0000130809;28/03/18;43.385;43.94;42.965;43.94;4006798
FR0000130809;29/03/18;44.12;44.605;44.015;44.16;3278085
FR0000130809;03/04/18;43.805;44.105;43.45;43.74;2383311
FR0000130809;04/04/18;43.71;43.725;42.59;43.425;3278755
FR0000130809;05/04/18;44.165;45.02;44.14;44.63;4305955
FR0000130809;06/04/18;44.71;44.805;44.31;44.52;2976761
FR0000130809;09/04/18;44.815;44.98;43.735;44.25;3271091
FR0000130809;10/04/18;44.42;44.45;43.76;44.205;3021663
FR0000130809;11/04/18;44.045;44.15;43.67;43.93;2806057
FR0000130809;12/04/18;44.035;44.425;43.92;44.215;2656940
FR0000130809;13/04/18;44.34;44.895;44.06;44.24;2675454
FR0000130809;16/04/18;44.20;44.555;44.05;44.43;2056571
FR0000130809;17/04/18;44.72;44.995;44.635;44.66;2934352
FR0000130809;18/04/18;44.61;45.045;44.61;44.97;2596997
FR0000130809;19/04/18;44.87;45.42;44.825;45.265;2754871
FR0000130809;20/04/18;45.265;45.635;45.14;45.595;2894109
FR0000130809;23/04/18;45.55;46.00;45.505;46.00;2821115
FR0000130809;24/04/18;45.87;45.955;45.58;45.805;2519268
FR0000130809;25/04/18;45.515;45.815;45.40;45.745;2347434
FR0000130809;26/04/18;45.625;45.88;45.365;45.54;2363321
FR0000130809;27/04/18;45.545;45.665;45.065;45.34;2567800
FR0000130809;30/04/18;45.325;45.66;45.295;45.455;2185395